ID_word,names,memos,
1,Arab Emirates, ,
2,Argentina, ,
3,Australia, ,
4,Austria, ,
5,Belgium, ,
6,Brazil, ,
7,Canada, ,
8,Chile, ,
9,China, ,
10,Colombia, ,
11,Cuba, ,
12,Denmark, ,
13,Dominican Republic, ,
14,Egypt, ,
15,Finland, ,
16,France, ,
17,Germany, ,
18,Greece, ,
19,India, ,
20,Indonesia, ,
21,Iran, ,
22,Ireland, ,
23,Israel, ,
24,Italy, ,
25,Jamaica, ,
26,Japan, ,
27,Mexico, ,
28,Morocco, ,
29,Netherlands, ,
30,New Zealand, ,
31,North Korea, ,
32,Pakistan, ,
33,Peru, ,
34,Philippines, ,
35,Poland, ,
36,Portugal, ,
37,Russia, ,
38,South Africa, ,
39,South Korea, ,
40,Sweden, ,
41,Switzerland, ,
42,Syria, ,
43,Thailand, ,
44,Turkey, ,
45,Union Jack, ,
46,United States, ,
47,Venezuela, ,
48,Vietnam, ,
