ID_word,names,memos,
1,Donald Trump,45th U.S. President,
2,Barack Obama,,
3,George W. Bush,,
4,Bill Clinton,,
5,George H. W. Bush,,
6,Ronald Reagan,,
7,Jimmy Carter,,
8,Kim Jong-un, ,
9,Moon Jae-in, ,
10,Shinzo Abe, ,
11,Xi Jinping, ,
12,Elizabeth II, ,
13,Vladimir Putin, ,
14,Emmanuel Macron, ,
15,Paolo Gentiloni, ,
16,Pena Nieto, ,
17,Angela Merkel, ,
18,Ram Nath Kovind, ,
19,Mariano Rajoy, ,
20,Recep Tayyip Erdogan, ,
21,Sir Peter Cosgrove, ,
22,Malcolm Turnbull, ,
23,Justin Trudeau, ,
24,Mark Rutte, ,
25,Michel Temer, ,
26,Andrzej Duda, ,
27,Erna Solberg, ,
28,Raul Castro, ,
29,Stefan Lofven, ,
30,Prokopis Pavlopoulos, ,
31,Alain Berset, ,
32,Sayyid Ali Hosseini Khamenei, ,
33,Prayut Chan-o-cha, ,
34,Juan Manuel Santos, ,
35,Tran Dai Quang, ,
36,Marcelo Rebelo de Sousa, ,
37,Alexander Van der Bellen, ,
38,Charles Michel, ,
39,Mauricio Macri, ,
40,Jacinda Ardern, ,
41,Lars Lokke Rasmussen, ,
42,Reuven Rivlin, ,
43,Abdel Fattah el-Sisi, ,
44,Sebastian Pinera, ,
45,Martin Vizcarra, ,
46,Andrew Holness, ,
47,Joko Widodo, ,
48,Cyril Ramaphosa, ,
49,Rodrigo Duterte, ,
50,Sauli Niinisto, ,
51,Khalifa Al Nahyan, ,
52,Nicolas Maduro, ,
53,Bashar al-Assad, ,
54,Danilo Medina, ,
55,Saadeddine Othmani, ,
56,Mamnoon Hussain, ,
